ticker,date,next_date,close,next_close,market_return,quant_score,technical_signal,technical_position,ppo_action,ppo_position,hybrid_signal,hybrid_score,hybrid_position,technical_turnover,hybrid_turnover,technical_return,hybrid_return,technical_cost,hybrid_cost
SBIN,2026-06-11 00:00:00+05:30,2026-06-12 00:00:00+05:30,1000.7000122070312,1017.1500244140625,0.016438505052828845,74.0,WAIT,0,HALF_LONG,0.5,HOLD,42.1,0,0,0,0.0,0.0,0.0,0.0
SBIN,2026-06-12 00:00:00+05:30,2026-06-15 00:00:00+05:30,1017.1500244140625,1020.8499755859375,0.0036375668122372584,78.1,WAIT,0,HALF_LONG,0.5,HOLD,43.739999999999995,0,0,0,0.0,0.0,0.0,0.0
SBIN,2026-06-15 00:00:00+05:30,2026-06-16 00:00:00+05:30,1020.8499755859375,1015.2999877929688,-0.00543663410461781,74.0,WAIT,0,HALF_LONG,0.5,HOLD,42.1,0,0,0,-0.0,-0.0,0.0,0.0
SBIN,2026-06-16 00:00:00+05:30,2026-06-17 00:00:00+05:30,1015.2999877929688,1026.5,0.011031234454535577,74.0,WAIT,0,HALF_LONG,0.5,HOLD,42.1,0,0,0,0.0,0.0,0.0,0.0
SBIN,2026-06-17 00:00:00+05:30,2026-06-18 00:00:00+05:30,1026.5,1042.699951171875,0.015781735189356993,75.0,WAIT,0,HALF_LONG,0.5,HOLD,42.5,0,0,0,0.0,0.0,0.0,0.0
SBIN,2026-06-18 00:00:00+05:30,2026-06-19 00:00:00+05:30,1042.699951171875,1035.0999755859375,-0.007288746467664087,76.0,WAIT,0,HALF_LONG,0.5,HOLD,42.900000000000006,0,0,0,-0.0,-0.0,0.0,0.0
SBIN,2026-06-19 00:00:00+05:30,2026-06-22 00:00:00+05:30,1035.0999755859375,1040.75,0.005458433530407758,76.0,WAIT,0,HALF_LONG,0.5,HOLD,42.900000000000006,0,0,0,0.0,0.0,0.0,0.0
SBIN,2026-06-22 00:00:00+05:30,2026-06-23 00:00:00+05:30,1040.75,1024.199951171875,-0.015902040670790263,73.0,WAIT,0,HALF_LONG,0.5,HOLD,41.7,0,0,0,-0.0,-0.0,0.0,0.0
SBIN,2026-06-23 00:00:00+05:30,2026-06-24 00:00:00+05:30,1024.199951171875,1034.5999755859375,0.010154291066078347,83.5,WAIT,0,HALF_LONG,0.5,HOLD,45.9,0,0,0,0.0,0.0,0.0,0.0
SBIN,2026-06-24 00:00:00+05:30,2026-06-25 00:00:00+05:30,1034.5999755859375,1045.4000244140625,0.010438864375584833,76.0,WAIT,0,HALF_LONG,0.5,HOLD,42.900000000000006,0,0,0,0.0,0.0,0.0,0.0
SBIN,2026-06-25 00:00:00+05:30,2026-06-26 00:00:00+05:30,1045.4000244140625,1045.4000244140625,0.0,84.0,STRONG BUY,1,HALF_LONG,0.5,STRONG BUY,81.1,1,1,1,-0.0005,-0.0005,0.0005,0.0005
SBIN,2026-06-26 00:00:00+05:30,2026-06-29 00:00:00+05:30,1045.4000244140625,1036.0999755859375,-0.008896162818953002,84.0,STRONG BUY,1,HALF_LONG,0.5,STRONG BUY,81.1,1,0,0,-0.008896162818953002,-0.008896162818953002,0.0,0.0
SBIN,2026-06-29 00:00:00+05:30,2026-06-30 00:00:00+05:30,1036.0999755859375,1026.9000244140625,-0.008879404872751073,84.0,STRONG BUY,1,HALF_LONG,0.5,STRONG BUY,81.1,1,0,0,-0.008879404872751073,-0.008879404872751073,0.0,0.0
SBIN,2026-06-30 00:00:00+05:30,2026-07-01 00:00:00+05:30,1026.9000244140625,1047.4000244140625,0.019962994948507395,81.0,BUY,1,HALF_LONG,0.5,STRONG BUY,72.9,1,0,0,0.019962994948507395,0.019962994948507395,0.0,0.0
SBIN,2026-07-01 00:00:00+05:30,2026-07-02 00:00:00+05:30,1047.4000244140625,1051.5999755859375,0.004009882636984319,84.0,STRONG BUY,1,HALF_LONG,0.5,STRONG BUY,81.1,1,0,0,0.004009882636984319,0.004009882636984319,0.0,0.0
SBIN,2026-07-02 00:00:00+05:30,2026-07-03 00:00:00+05:30,1051.5999755859375,1040.0,-0.011030787233970885,84.0,STRONG BUY,1,HALF_LONG,0.5,STRONG BUY,81.1,1,0,0,-0.011030787233970885,-0.011030787233970885,0.0,0.0
SBIN,2026-07-03 00:00:00+05:30,2026-07-06 00:00:00+05:30,1040.0,1037.699951171875,-0.0022115854116586675,88.5,STRONG BUY,1,HALF_LONG,0.5,STRONG BUY,82.9,1,0,0,-0.0022115854116586675,-0.0022115854116586675,0.0,0.0
SBIN,2026-07-06 00:00:00+05:30,2026-07-07 00:00:00+05:30,1037.699951171875,1038.0999755859375,0.00038549140684729366,81.0,BUY,1,HALF_LONG,0.5,STRONG BUY,72.9,1,0,0,0.00038549140684729366,0.00038549140684729366,0.0,0.0
SBIN,2026-07-07 00:00:00+05:30,2026-07-08 00:00:00+05:30,1038.0999755859375,1016.9000244140625,-0.020421878114301184,71.0,WAIT,0,HALF_LONG,0.5,HOLD,40.900000000000006,0,1,1,-0.0005,-0.0005,0.0005,0.0005
SBIN,2026-07-08 00:00:00+05:30,2026-07-09 00:00:00+05:30,1016.9000244140625,1022.0999755859375,0.005113532350312644,68.0,WAIT,0,FLAT,0.0,HOLD,27.200000000000003,0,0,0,0.0,0.0,0.0,0.0
SBIN,2026-07-09 00:00:00+05:30,2026-07-10 00:00:00+05:30,1022.0999755859375,1036.0,0.013599476319421822,68.0,WAIT,0,FLAT,0.0,HOLD,27.200000000000003,0,0,0,0.0,0.0,0.0,0.0
SBIN,2026-07-10 00:00:00+05:30,2026-07-13 00:00:00+05:30,1036.0,1037.0,0.0009652509652509078,71.0,WAIT,0,HALF_LONG,0.5,HOLD,40.900000000000006,0,0,0,0.0,0.0,0.0,0.0
SBIN,2026-07-13 00:00:00+05:30,2026-07-14 00:00:00+05:30,1037.0,1015.4000244140625,-0.02082929178971793,71.0,WAIT,0,HALF_LONG,0.5,HOLD,40.900000000000006,0,0,0,-0.0,-0.0,0.0,0.0
SBIN,2026-07-14 00:00:00+05:30,2026-07-15 00:00:00+05:30,1015.4000244140625,1030.0999755859375,0.014477004942320848,64.0,WAIT,0,FLAT,0.0,HOLD,25.6,0,0,0,0.0,0.0,0.0,0.0
SBIN,2026-07-15 00:00:00+05:30,2026-07-16 00:00:00+05:30,1030.0999755859375,1031.199951171875,0.0010678338142002808,71.0,WAIT,0,HALF_LONG,0.5,HOLD,40.900000000000006,0,0,0,0.0,0.0,0.0,0.0
SBIN,2026-07-16 00:00:00+05:30,2026-07-17 00:00:00+05:30,1031.199951171875,1044.300048828125,0.012703741540486702,71.0,WAIT,0,HALF_LONG,0.5,HOLD,40.900000000000006,0,0,0,0.0,0.0,0.0,0.0
SBIN,2026-07-17 00:00:00+05:30,2026-07-20 00:00:00+05:30,1044.300048828125,1060.0,0.015033946603270731,74.0,BUY,1,HALF_LONG,0.5,STRONG BUY,70.1,1,1,1,0.014533946603270731,0.014533946603270731,0.0005,0.0005
SBIN,2026-07-20 00:00:00+05:30,2026-07-21 00:00:00+05:30,1060.0,1044.4000244140625,-0.014716958099941002,84.0,STRONG BUY,1,HALF_LONG,0.5,STRONG BUY,81.1,1,0,0,-0.014716958099941002,-0.014716958099941002,0.0,0.0
SBIN,2026-07-21 00:00:00+05:30,2026-07-22 00:00:00+05:30,1044.4000244140625,1025.0,-0.01857528146358145,87.0,STRONG BUY,1,HALF_LONG,0.5,STRONG BUY,82.30000000000001,1,0,0,-0.01857528146358145,-0.01857528146358145,0.0,0.0
SBIN,2026-07-22 00:00:00+05:30,2026-07-23 00:00:00+05:30,1025.0,1012.5999755859375,-0.012097584794207306,64.0,WAIT,0,HALF_LONG,0.5,HOLD,38.1,0,1,1,-0.0005,-0.0005,0.0005,0.0005
SBIN,2026-07-23 00:00:00+05:30,2026-07-24 00:00:00+05:30,1012.5999755859375,1015.0,0.0023701604502546214,58.0,WAIT,0,FLAT,0.0,HOLD,23.200000000000003,0,0,0,0.0,0.0,0.0,0.0
SBIN,2026-07-24 00:00:00+05:30,2026-07-27 00:00:00+05:30,1015.0,1020.5999755859375,0.005517217326046708,61.0,WAIT,0,FLAT,0.0,HOLD,24.400000000000002,0,0,0,0.0,0.0,0.0,0.0
SBIN,2026-07-27 00:00:00+05:30,2026-07-28 00:00:00+05:30,1020.5999755859375,1013.2000122070312,-0.00725060117178411,61.0,WAIT,0,FLAT,0.0,HOLD,24.400000000000002,0,0,0,-0.0,-0.0,0.0,0.0
SBIN,2026-07-28 00:00:00+05:30,2026-07-29 00:00:00+05:30,1013.2000122070312,1013.7000122070312,0.0004934859790524104,61.0,WAIT,0,FLAT,0.0,HOLD,24.400000000000002,0,0,0,0.0,0.0,0.0,0.0
SBIN,2026-07-29 00:00:00+05:30,2026-07-30 00:00:00+05:30,1013.7000122070312,1025.300048828125,0.011443263767786815,61.0,WAIT,0,FLAT,0.0,HOLD,24.400000000000002,0,0,0,0.0,0.0,0.0,0.0
SBIN,2026-07-30 00:00:00+05:30,2026-07-31 00:00:00+05:30,1025.300048828125,1027.4000244140625,0.0020481571110209096,71.5,WAIT,0,HALF_LONG,0.5,HOLD,41.1,0,0,0,0.0,0.0,0.0,0.0
SBIN,2026-07-31 00:00:00+05:30,2026-08-03 00:00:00+05:30,1027.4000244140625,1045.0,0.017130596814979526,67.0,WAIT,0,HALF_LONG,0.5,HOLD,39.3,0,0,0,0.0,0.0,0.0,0.0
SBIN,2026-08-03 00:00:00+05:30,2026-08-04 00:00:00+05:30,1045.0,1042.699951171875,-0.0022010036632774677,77.0,BUY,1,HALF_LONG,0.5,STRONG BUY,71.3,1,1,1,-0.0027010036632774677,-0.0027010036632774677,0.0005,0.0005
SBIN,2026-08-04 00:00:00+05:30,2026-08-05 00:00:00+05:30,1042.699951171875,1055.0,0.011796345453264134,87.1,STRONG BUY,1,HALF_LONG,0.5,STRONG BUY,82.34,1,0,0,0.011796345453264134,0.011796345453264134,0.0,0.0
SBIN,2026-08-05 00:00:00+05:30,2026-08-06 00:00:00+05:30,1055.0,1085.0,0.028436018957346043,84.0,STRONG BUY,1,HALF_LONG,0.5,STRONG BUY,81.1,1,0,0,0.028436018957346043,0.028436018957346043,0.0,0.0
SBIN,2026-08-06 00:00:00+05:30,2026-08-07 00:00:00+05:30,1085.0,1097.199951171875,0.011244194628456272,81.0,STRONG BUY,1,HALF_LONG,0.5,STRONG BUY,79.9,1,0,0,0.011244194628456272,0.011244194628456272,0.0,0.0
SBIN,2026-08-07 00:00:00+05:30,2026-08-10 00:00:00+05:30,1097.199951171875,1071.0,-0.023878921197446168,79.0,BUY,1,HALF_LONG,0.5,STRONG BUY,72.1,1,0,0,-0.023878921197446168,-0.023878921197446168,0.0,0.0
SBIN,2026-08-10 00:00:00+05:30,2026-08-11 00:00:00+05:30,1071.0,1066.0,-0.00466853408029877,86.5,BUY,1,HALF_LONG,0.5,STRONG BUY,75.1,1,0,0,-0.00466853408029877,-0.00466853408029877,0.0,0.0
SBIN,2026-08-11 00:00:00+05:30,2026-08-12 00:00:00+05:30,1066.0,1082.0,0.015009380863039379,82.0,BUY,1,HALF_LONG,0.5,STRONG BUY,73.30000000000001,1,0,0,0.015009380863039379,0.015009380863039379,0.0,0.0
SBIN,2026-08-12 00:00:00+05:30,2026-08-13 00:00:00+05:30,1082.0,1083.0,0.0009242144177448175,88.0,STRONG BUY,1,HALF_LONG,0.5,STRONG BUY,82.7,1,0,0,0.0009242144177448175,0.0009242144177448175,0.0,0.0
SBIN,2026-08-13 00:00:00+05:30,2026-08-14 00:00:00+05:30,1083.0,1067.699951171875,-0.014127468908702645,89.0,STRONG BUY,1,HALF_LONG,0.5,STRONG BUY,83.1,1,0,0,-0.014127468908702645,-0.014127468908702645,0.0,0.0
SBIN,2026-08-14 00:00:00+05:30,2026-08-17 00:00:00+05:30,1067.699951171875,1061.199951171875,-0.006087852671404326,85.0,BUY,1,HALF_LONG,0.5,STRONG BUY,74.5,1,0,0,-0.006087852671404326,-0.006087852671404326,0.0,0.0
SBIN,2026-08-17 00:00:00+05:30,2026-08-18 00:00:00+05:30,1061.199951171875,1053.0,-0.007727055738006583,79.0,WAIT,0,HALF_LONG,0.5,HOLD,44.1,0,1,1,-0.0005,-0.0005,0.0005,0.0005
SBIN,2026-08-18 00:00:00+05:30,2026-08-19 00:00:00+05:30,1053.0,1048.5999755859375,-0.004178560697115419,69.0,WAIT,0,FLAT,0.0,HOLD,27.6,0,0,0,-0.0,-0.0,0.0,0.0
SBIN,2026-08-19 00:00:00+05:30,2026-08-20 00:00:00+05:30,1048.5999755859375,1048.0,-0.0005721682242098014,66.0,WAIT,0,FLAT,0.0,HOLD,26.400000000000002,0,0,0,-0.0,-0.0,0.0,0.0
SBIN,2026-08-20 00:00:00+05:30,2026-08-21 00:00:00+05:30,1048.0,1048.699951171875,0.0006678923395753156,66.0,WAIT,0,FLAT,0.0,HOLD,26.400000000000002,0,0,0,0.0,0.0,0.0,0.0
